,Moises Alou,Rich Aurilia,Jeff Bagwell,Craig Biggio,Barry Bonds,Aaron Boone,Tony Clark,Roger Clemens,Carlos Delgado,Jermaine Dye,Darin Erstad,Cliff Floyd,Nomar Garciaparra,Brian Giles,Tom Gordon,Eddie Guardado,Randy Johnson,Jeff Kent,Edgar Martinez,Pedro Martinez,Don Mattingly,Fred McGriff,Mark McGwire,Jack Morris,Mike Mussina,Troy Percival,Mike Piazza,Tim Raines,Curt Schilling,Jason Schmidt,Gary Sheffield,Lee Smith,John Smoltz,Sammy Sosa,Alan Trammell,Larry Walker,Known Votes,http://www.baseballthinkfactory.org/newsstand/discussion/the_2015_hof_ballot_collecting_gizmo,,,,,,,,,,,,,,,,,,,,,,,,,,,,,,,,,,,,,,,,
baseballot,0,0,61.1,81.5,35.9,0,0,37.6,0.5,0,0,0,0.7,0,0,0,95.2,13.6,31.8,94.2,10.2,15.4,7.2,0,28.7,0,71.9,55.7,47,0,6.5,27.7,83,4.4,22.5,11.1,,,,,,,,,,,,,,,,,,,,,,,,,,,,,,,,,,,,,,0,0,
tango_model,0,0,54,79,35,0,0,35,2,0,0,0,2,0,0,0,96,13,26,96,5,15,6,0,33,0,68,61,48,0,8,20,84,4,23,6,,,,,,,,,,,,,,,,,,,0,0,
actual,0,0,55.7,82.7,36.8,0,0,37.5,3.8,0,0,0,5.5,0,0,0,97.3,14,27,91.1,9.1,12.9,10,0,24.6,0,69.9,55,39.2,0,11.7,30.2,82.9,6.6,25.1,11.8,,,,,,,,0,0,
StraightArrow,0,0,1,1,1,0,0,1,0,0,0,0,0,0,0,0,1,0,0,1,0,0,0,0,1,0,1,1,1,0,0,0,1,0,1,0,0,0,0,,,,,,,,,,,,,,,,,,,,,,,,,,,,100,100,
Peter Abraham,,,1,,1,,,1,,,,,,,,,1,,,1,,,,,1,,1,1,1,,,,1,,,,10,http://bit.ly/1B2EN9k,12/23/2014,,13,13,13,13,9,9,9,0,7,7,7,0,0,0,0,0,0,0,0,0,0,0,0,0,0,0,0,0,0,0,0,0,0,0,0,0,0,100,Boston,
Eduardo Almada,,,,1,,,,,,,,,,,,,1,,,1,,,,,1,,,1,1,,,,1,,,,7,Via email,1/4/2015,,0,0,13,13,0,0,9,0,7,7,7,7,0,0,0,0,0,0,0,0,0,0,0,0,3,0,0,0,0,0,0,0,0,0,0,3,-9,54,Arizona,
Dave Ammenheuser,,,,,,,,,,,,,,,,,1,,,1,,,,,,,,1,1,,,,1,,,,5,http://tnne.ws/1t61Vzr,12/26/2014,,0,0,13,13,0,0,9,0,7,0,7,0,0,0,0,0,0,0,0,0,0,0,0,0,5,0,0,0,0,0,0,0,0,0,0,5,-25,24,Los Angeles,
Mel Antonen,,,1,1,,,,,,,,,,,,,1,,1,1,,,,,1,,1,1,,,,,1,,1,,10,http://bit.ly/1vsXuPV,12/25/2014,,0,0,13,13,9,9,9,7,0,7,7,7,0,4,0,0,0,0,0,0,0,0,0,0,0,0,0,0,0,0,0,0,0,0,0,0,0,85,Baltimore,
Chris Bahr,,,1,1,,,,,,,,,,,,,1,,1,1,,,,,,,1,1,1,,,1,1,,,,10,http://bit.ly/12PzHSA,12/14/2014,,0,0,13,13,9,9,9,0,7,0,7,7,0,4,0,0,0,0,0,0,1,0,0,0,0,0,0,0,0,0,0,0,0,0,0,0,0,79,Atlanta,
Bill Ballou,,,1,,1,,,1,,,,,,,,,1,,,1,,,1,,,,1,,,,,,1,,,,8,http://bit.ly/1z9OaoZ,12/6/2014,,13,13,13,13,9,9,0,0,0,0,7,0,0,0,4,0,0,0,0,0,0,0,0,0,2,0,0,0,0,0,0,0,0,0,0,2,-4,77,Boston,
Mike Bass,,,1,1,,,,,,,,,,,,,1,1,1,1,,,,,1,,1,,1,,,,1,,,,10,http://on.fb.me/1wZD7hK,12/29/2014,,0,0,13,13,9,9,0,0,7,7,7,7,0,4,0,0,0,0,2,0,0,0,0,0,0,0,0,0,0,0,0,0,0,0,0,0,0,78,Minneapolis,
Mike Bauman,,,1,1,,,,,,,,,,,,,1,,,1,,,,,,,1,,,,,1,1,,,,7,http://atmlb.com/13UqbxC,1/5/2015,,0,0,13,13,9,9,0,0,0,0,7,7,0,0,0,0,0,0,0,0,1,0,0,0,3,0,0,0,0,0,0,0,0,0,0,3,-9,50,Honorary,
Mike Berardino (!),,,1,1,,,,,,,,,,,,,,,1,,,,,,1,,1,1,1,,,,1,,1,1,10,http://bit.ly/1zquQ3h / http://bit.ly/1ApcWkx,12/28/2014,,0,0,0,0,9,9,9,7,7,7,7,7,4,4,0,0,0,0,0,0,0,0,0,0,0,0,0,0,0,0,0,0,0,0,0,0,0,70,Minneapolis,
Jeff Blair,,,1,1,1,,,1,1,,,,,,,,1,,,1,,,,,,,1,1,,,,,1,,,,10,http://bit.ly/1Igv6Xr,1/5/2015,,13,13,13,13,9,9,9,0,0,0,7,7,0,0,0,0,0,0,0,0,0,0,1,0,0,0,0,0,0,0,0,0,0,0,0,0,0,94,Toronto,
Barry Bloom,,,1,1,1,,,1,,,,,,,,,1,,,1,,,,,1,,1,,1,,,,1,,,,10,http://bit.ly/1APHlr2,12/19/2014,,13,13,13,13,9,9,0,0,7,7,7,7,0,0,0,0,0,0,0,0,0,0,0,0,0,0,0,0,0,0,0,0,0,0,0,0,0,98,Bay Area,
Hal Bodley,,,,1,,,,,,,,,,,,,1,,,1,,1,,,,,,,,,,,1,,,,5,http://atmlb.com/13UqbxC,1/5/2015,,0,0,13,13,0,0,0,0,0,0,7,7,0,0,0,0,3,0,0,0,0,0,0,0,5,0,0,0,0,0,0,0,0,0,0,5,-25,18,Honorary,
David Borges,,,,,1,,,1,,,,,,,,,1,,,1,,,1,,,,1,,1,,,,1,,,,8,http://bit.ly/1yB7Kqf,12/10/2014,,13,13,13,13,9,0,0,0,7,0,7,0,0,0,4,0,0,0,0,0,0,0,0,0,2,0,0,0,0,0,0,0,0,0,0,2,-4,75,Boston,
Peter Botte,,,1,,,,,,,,,,,,,,1,1,1,1,,1,,,,,1,1,1,,,,1,,,,10,http://bit.ly/1E2wLD8,12/22/2014,,0,0,13,13,9,9,9,0,7,0,7,0,0,4,0,0,3,0,2,0,0,0,0,0,0,0,0,0,0,0,0,0,0,0,0,0,0,76,New York,
Marcos Breton,,,1,1,1,,,1,,,,,,,,,1,,1,1,,,,,,,1,1,1,,,,,,,,10,http://bit.ly/1ByP0dV,1/4/2015,,13,13,13,13,9,9,9,0,7,0,0,7,0,4,0,0,0,0,0,0,0,0,0,0,0,0,0,0,0,0,0,0,0,0,0,0,0,97,Bay Area,
Garry Brown,,,1,1,,,,,,,,,,,,,1,,1,1,,,,,,,1,1,,,,,,,,,7,"http://bit.ly/1vI19Nhttp://bit.ly/16YLeRS",12/2/2014,,0,0,13,13,9,9,9,0,0,0,0,7,0,4,0,0,0,0,0,0,0,0,0,0,3,0,0,0,0,0,0,0,0,0,0,3,-9,55,Boston,
Howard Bryant,,,,,,,,,,,,,,,,,1,,,1,,,,,,,,1,,,,,,,,,3,http://es.pn/1rU0d92,1/4/2015,,0,0,13,13,0,0,9,0,0,0,0,0,0,0,0,0,0,0,0,0,0,0,0,0,7,0,0,0,0,0,0,0,0,0,0,7,-49,-14,ESPN,
Steve Buckley,,,1,1,,,,,,,,,,,,,1,,1,1,,,,,1,,1,1,1,,,,1,,,,10,http://bit.ly/16MJmvy,12/22/2014,,0,0,13,13,9,9,9,0,7,7,7,7,0,4,0,0,0,0,0,0,0,0,0,0,0,0,0,0,0,0,0,0,0,0,0,0,0,85,Boston,
Nick Cafardo,,,1,1,1,,,1,,,,,,,,,1,1,,1,,,,,,,1,,,,,,1,,1,,10,http://bit.ly/1E8Pn4q,12/23/2014,,13,13,13,13,9,9,0,7,0,0,7,7,0,0,0,0,0,0,2,0,0,0,0,0,0,0,0,0,0,0,0,0,0,0,0,0,0,93,Boston,
Mark Camps,,,1,1,1,,,1,,,,,,,,,1,1,,1,,,,,1,,,,1,,,,1,,,,10,http://bit.ly/1B2ElZ3,12/24/2014,,13,13,13,13,0,9,0,0,7,7,7,7,0,0,0,0,0,0,2,0,0,0,0,0,0,0,0,0,0,0,0,0,0,0,0,0,0,91,Bay Area,
Jim Caple,,,,1,1,,,1,,,,,,,,,1,,1,1,,,,,,,1,1,,,,,1,,1,,10,http://es.pn/1rU0d92,1/4/2015,,13,13,13,13,9,0,9,7,0,0,7,7,0,4,0,0,0,0,0,0,0,0,0,0,0,0,0,0,0,0,0,0,0,0,0,0,0,95,ESPN,
Sam Carchidi,,,1,1,,,,,,,,,,,,,1,,,1,,1,,,,,1,,1,,,1,1,,,,9,10 with Rose Write-in,1/1/2015,,0,0,13,13,9,9,0,0,7,0,7,7,0,0,0,0,3,0,0,0,1,0,0,0,1,0,0,0,0,0,0,0,0,0,0,1,-1,68,Philadelphia,
Ron Chimelis,,,1,1,,,,,,,,,,,,,1,1,,1,,1,,,1,,1,1,,,,,1,,,,10,http://bit.ly/1DGrocH + email,12/16/2014,,0,0,13,13,9,9,9,0,0,7,7,7,0,0,0,0,3,0,2,0,0,0,0,0,0,0,0,0,0,0,0,0,0,0,0,0,0,79,Boston,
Kevin Cooney,,,1,1,,,,,,,,,,,,,1,,,1,,,,,1,,1,1,1,,,,1,,,,9,http://bit.ly/1AI14Jd,12/17/2014,,0,0,13,13,9,9,9,0,7,7,7,7,0,0,0,0,0,0,0,0,0,0,0,0,1,0,0,0,0,0,0,0,0,0,0,1,-1,80,Philadelphia,
Brian Costello,,,,1,1,,,1,,,,,,,,,1,,,1,,,1,,,,1,,1,,,,1,1,,,10,http://bit.ly/1Ab7RgV,12/26/2014,,13,13,13,13,9,0,0,0,7,0,7,7,0,0,4,0,0,2,0,0,0,0,0,0,0,0,0,0,0,0,0,0,0,0,0,0,0,88,New York,
Tim Colishaw,,,1,1,1,,,1,,,,,,,,,1,,1,1,,,,,,,1,1,,,,,1,,,,10,http://bit.ly/1A84RDh,1/3/2015,,13,13,13,13,9,9,9,0,0,0,7,7,0,4,0,0,0,0,0,0,0,0,0,0,0,0,0,0,0,0,0,0,0,0,0,0,0,97,Dallas,
Jerry Crasnick,,,1,1,,,,,,,,,,,,,1,,1,1,,,,,1,,1,1,1,,,,1,,,,10,http://bit.ly/1rh7dMT,12/24/2014,,0,0,13,13,9,9,9,0,7,7,7,7,0,4,0,0,0,0,0,0,0,0,0,0,0,0,0,0,0,0,0,0,0,0,0,0,0,85,Cincinnati,
Jack Curry,,,1,1,,,,,,,,,,,,,1,,1,1,,,,,1,,1,1,1,,,,1,,,,10,http://bit.ly/1BB2R3J,1/5/2015,,0,0,13,13,9,9,9,0,7,7,7,7,0,4,0,0,0,0,0,0,0,0,0,0,0,0,0,0,0,0,0,0,0,0,0,0,0,85,New York,
Tom D'Angelo,,,,1,,,,,,,,,,,,,1,,,1,,,,,1,,1,1,1,,,,1,,,,8,http://bit.ly/1w9eJoB,12/20/2014,,0,0,13,13,9,0,9,0,7,7,7,7,0,0,0,0,0,0,0,0,0,0,0,0,2,0,0,0,0,0,0,0,0,0,0,2,-4,68,Miami,
Ken Davidoff,,,1,,1,,,1,,,,,,,,,1,,,1,,,,,1,,1,,1,,,,,,1,1,10,http://bit.ly/1xER0UL,1/3/2015,,13,13,13,13,9,9,0,7,7,7,0,0,4,0,0,0,0,0,0,0,0,0,0,0,0,0,0,0,0,0,0,0,0,0,0,0,0,95,New York,
John Delcos,,,1,1,,,,,,,,,,,,,1,,1,1,,,,,1,,1,1,,,,1,1,,,,10,http://bit.ly/1BfNVHB,12/27/2014,,0,0,13,13,9,9,9,0,0,7,7,7,0,4,0,0,0,0,0,0,1,0,0,0,0,0,0,0,0,0,0,0,0,0,0,0,0,79,New York,
Chris De Luca,,,,1,1,,,1,,,,,,,,,1,,,1,,,,,,,1,,,,,,1,1,,,8,http://bit.ly/1rhJvQs,12/24/2014,,13,13,13,13,9,0,0,0,0,0,7,7,0,0,0,0,0,2,0,0,0,0,0,0,2,0,0,0,0,0,0,0,0,0,0,2,-4,73,Chicago,
Paul Doyle,,,1,1,1,,,1,,,,,,,,,1,,,1,,,,,,,1,1,1,,,,1,,,,10,http://bit.ly/14dZl47,1/5/2015,,13,13,13,13,9,9,9,0,7,0,7,7,0,0,0,0,0,0,0,0,0,0,0,0,0,0,0,0,0,0,0,0,0,0,0,0,0,100,Boston,
Josh Dubow,,,1,1,1,,,1,,,,,,,,,1,,,1,,,,,,,1,1,1,,,,1,,,,10,http://bit.ly/1zmTrGo,12/26/2014,,13,13,13,13,9,9,9,0,7,0,7,7,0,0,0,0,0,0,0,0,0,0,0,0,0,0,0,0,0,0,0,0,0,0,0,0,0,100,Bay Area,
Jay Dunn,,,,1,,,,,,,,,1,,,,1,,,1,,1,,,,,1,,1,,1,1,1,,,,10,http://bit.ly/1vlodg4,12/3/2014,,0,0,13,13,9,0,0,0,7,0,7,7,0,0,0,3,3,0,0,0,1,0,0,1,0,0,0,0,0,0,0,0,0,0,0,0,0,64,New York,
Mike Dyer,,,1,,1,,,1,,,,,,,,,1,,,1,,,,,,,1,1,,,,,,1,1,1,10,http://imgur.com/gULiDdy,11/25/2014,,13,13,13,13,9,9,9,7,0,0,0,0,4,0,0,0,0,2,0,0,0,0,0,0,0,0,0,0,0,0,0,0,0,0,0,0,0,92,New York,
Jorge Ebro,,,,1,,,,,,,,,,,,,1,,,1,,,,,,,1,,,,,,1,,,,5,Via email,12/25/2014,,0,0,13,13,9,0,0,0,0,0,7,7,0,0,0,0,0,0,0,0,0,0,0,0,5,0,0,0,0,0,0,0,0,0,0,5,-25,24,Miami,
Gordon Edes,,,1,1,1,,,1,,,,,,,,,1,,1,1,,,,,,,1,1,1,,,,,,,,10,http://bit.ly/1JVdZ0R,12/27/2014,,13,13,13,13,9,9,9,0,7,0,0,7,0,4,0,0,0,0,0,0,0,0,0,0,0,0,0,0,0,0,0,0,0,0,0,0,0,97,Boston,
Mark Faller,,,1,1,,,,,,,,,,,,,1,,1,1,,,,,1,,1,1,1,,,,1,,,,10,http://bit.ly/16EIDMT,12/20/2014,,0,0,13,13,9,9,9,0,7,7,7,7,0,4,0,0,0,0,0,0,0,0,0,0,0,0,0,0,0,0,0,0,0,0,0,0,0,85,Arizona,
Jeffrey Flanagan,,,,,1,,,1,,,,,,,,,1,,,1,,,1,,,,1,1,,,,1,1,1,,,10,http://bit.ly/1xck4j0,12/24/2014,,13,13,13,13,9,0,9,0,0,0,7,0,0,0,4,0,0,2,0,0,1,0,0,0,0,0,0,0,0,0,0,0,0,0,0,0,0,84,Kansas City,
Carlos Frias,,,1,1,,,,,,,,,,,,,1,,1,1,,,,,,,1,1,,,,,1,,,,8,http://bit.ly/1JQEWTn,12/24/2014,,0,0,13,13,9,9,9,0,0,0,7,7,0,4,0,0,0,0,0,0,0,0,0,0,2,0,0,0,0,0,0,0,0,0,0,2,-4,67,Miami,
Peter Gammons,,,1,1,,,,,,,,,,,,,1,,,1,,1,,,1,,1,1,1,,,,1,,,,10,http://bit.ly/1EFgC72,12/30/2014,,0,0,13,13,9,9,9,0,7,7,7,7,0,0,0,0,3,0,0,0,0,0,0,0,0,0,0,0,0,0,0,0,0,0,0,0,0,84,Boston,
Michael Gee,,,1,1,1,,,1,,,,,,,,,1,,,1,,,,,,,1,1,1,,,,1,,,,10,http://bit.ly/1uveuUl,12/12/2014,,13,13,13,13,9,9,9,0,7,0,7,7,0,0,0,0,0,0,0,0,0,0,0,0,0,0,0,0,0,0,0,0,0,0,0,0,0,100,Boston,
Dan Gelston,,,1,1,1,,,1,,,,,,,,,1,,,1,,,,,,,1,1,,,,,1,,,,9,http://bit.ly/1tDaTEu,1/5/2015,,13,13,13,13,9,9,9,0,0,0,7,7,0,0,0,0,0,0,0,0,0,0,0,0,1,0,0,0,0,0,0,0,0,0,0,1,-1,92,Philadelphia,
Pedro Gomez,,,,,,,,,,,,,,,,,1,,,1,,1,,,1,,,,,,,1,1,,1,,7,http://es.pn/1rU0d92,1/4/2015,,0,0,13,13,0,0,0,7,0,7,7,0,0,0,0,0,3,0,0,0,1,0,0,0,3,0,0,0,0,0,0,0,0,0,0,3,-9,42,ESPN,
Derrick Goold,,,1,1,,,,,,,,,,,,,1,,,1,,,,,1,,1,1,1,,,,1,,,1,10,http://bit.ly/1HbmUZW,12/29/2014,,0,0,13,13,9,9,9,0,7,7,7,7,4,0,0,0,0,0,0,0,0,0,0,0,0,0,0,0,0,0,0,0,0,0,0,0,0,85,St. Louis,
Mark Gonzales,,,1,,,,,,,,,,,,,,1,1,1,1,,,,,,,1,1,,,,,1,,,,8,http://trib.in/1zJsJrv,1/2/2015,,0,0,13,13,9,9,9,0,0,0,7,0,0,4,0,0,0,0,2,0,0,0,0,0,2,0,0,0,0,0,0,0,0,0,0,2,-4,62,Chicago,
Rick Gosselin,,,1,1,1,,,1,,,,,,,,,1,,,,1,,,,,,,1,,,,,1,,1,,9,http://bit.ly/1A84RDh,1/3/2015,,13,13,13,0,0,9,9,7,0,0,7,7,0,0,0,0,0,0,0,1,0,0,0,0,1,0,0,0,0,0,0,0,0,0,0,1,-1,78,Dallas,
Evan Grant,,,1,1,,,,,,,,,,,,,1,,,1,,,,,1,,1,1,,,,,1,,1,1,10,http://bit.ly/1w401iA / http://bit.ly/1A84RDh,12/18/2014,,0,0,13,13,9,9,9,7,0,7,7,7,4,0,0,0,0,0,0,0,0,0,0,0,0,0,0,0,0,0,0,0,0,0,0,0,0,85,Dallas,
Dan Graziano,,,,,,,,,,,,,,,,,1,1,,1,,1,,,,,,1,,,,,1,,1,,7,http://es.pn/1rU0d92,1/4/2015,,0,0,13,13,0,0,9,7,0,0,7,0,0,0,0,0,3,0,2,0,0,0,0,0,3,0,0,0,0,0,0,0,0,0,0,3,-9,45,New York/ESPN,
Jerry Green,,,,1,,,,1,,,,,,,,,1,,1,1,,,1,,,,1,1,,,1,,,,1,,10,http://bit.ly/1vK01oi,1/3/2015,,0,13,13,13,9,0,9,7,0,0,0,7,0,4,4,3,0,0,0,0,0,0,0,0,0,0,0,0,0,0,0,0,0,0,0,0,0,82,Detroit,
Teddy Greenstein,,,1,1,,,,,,,,,,,,,1,,,1,1,,,,,,1,1,1,,,1,1,,,,10,http://trib.in/1zJsJrv,1/2/2015,,0,0,13,13,9,9,9,0,7,0,7,7,0,0,0,0,0,0,0,1,1,0,0,0,0,0,0,0,0,0,0,0,0,0,0,0,0,76,Chicago,
Alan Greenwood,,,1,1,1,,,1,,,,,,,,,1,,,1,,,,,,,1,1,1,,,,1,,,,10,http://bit.ly/1CNgVuu,12/26/2014,,13,13,13,13,9,9,9,0,7,0,7,7,0,0,0,0,0,0,0,0,0,0,0,0,0,0,0,0,0,0,0,0,0,0,0,0,0,100,Boston,
Scot Gregor,,,1,1,,,,,,,,,,,,,1,,,1,,,,,,,1,1,1,,,,1,,,,8,http://bit.ly/1Ka22EM,1/3/2015,,0,0,13,13,9,9,9,0,7,0,7,7,0,0,0,0,0,0,0,0,0,0,0,0,2,0,0,0,0,0,0,0,0,0,0,2,-4,70,Chicago,
Richard Griffin,,,1,1,1,,,1,1,,,,,,,,1,,,1,,,,,,,1,1,,,,,,,,1,10,http://on.thestar.com/1xM2WRi,1/5/2015,,13,13,13,13,9,9,9,0,0,0,0,7,4,0,0,0,0,0,0,0,0,0,1,0,0,0,0,0,0,0,0,0,0,0,0,0,0,91,Toronto,
Paul Gutierrez,,,,1,,,,,,,,,,,,,1,1,1,1,,,,,,,1,1,,,,1,1,,,,9,http://es.pn/1rU0d92,1/4/2015,,0,0,13,13,9,0,9,0,0,0,7,7,0,4,0,0,0,0,2,0,1,0,0,0,1,0,0,0,0,0,0,0,0,0,0,1,-1,64,ESPN,
Joe Haakenson,,,1,1,,,,,,,,,,,,,1,,,1,,1,,,,,1,1,1,,,,1,,1,,10,http://bit.ly/1ALtoe5,12/21/2014,,0,0,13,13,9,9,9,7,7,0,7,7,0,0,0,0,3,0,0,0,0,0,0,0,0,0,0,0,0,0,0,0,0,0,0,0,0,84,Los Angeles,
Chris Haft,,,1,1,,,,,,,,,,,,,1,1,,1,,,,,,,1,,,,,1,1,,,,8,http://atmlb.com/13UqbxC,1/5/2015,,0,0,13,13,9,9,0,0,0,0,7,7,0,0,0,0,0,0,2,0,1,0,0,0,2,0,0,0,0,0,0,0,0,0,0,2,-4,57,Bay Area,
Mark Hale,,,1,1,1,,,1,,,,,,,,,1,,,1,,,,,1,,1,,1,,,,1,,,,10,http://bit.ly/1CYp0Kf,12/26/2014,,13,13,13,13,9,9,0,0,7,7,7,7,0,0,0,0,0,0,0,0,0,0,0,0,0,0,0,0,0,0,0,0,0,0,0,0,0,98,New York,
Henry Hecht,,,,,,,,,,,,,,,,,1,,,1,,1,,,1,,,1,1,,,,1,,1,,8,Via email,12/20/2014,,0,0,13,13,0,0,9,7,7,7,7,0,0,0,0,0,3,0,0,0,0,0,0,0,2,0,0,0,0,0,0,0,0,0,0,2,-4,62,New York,
Joe Henderson,,,1,1,1,,,1,,,,,,,,,1,,,1,,,,,,,1,,,,,,1,,,,8,http://on.fb.me/1zhe5LJ,12/15/2014,,13,13,13,13,9,9,0,0,0,0,7,7,0,0,0,0,0,0,0,0,0,0,0,0,2,0,0,0,0,0,0,0,0,0,0,2,-4,80,Tampa,
Mark Herrmann,,,,1,,,,,,,,,,,,,1,,,1,,,,,,,1,,,,,,1,,,,5,http://nwsdy.li/1tDUIqo,1/5/2015,,0,0,13,13,9,0,0,0,0,0,7,7,0,0,0,0,0,0,0,0,0,0,0,0,5,0,0,0,0,0,0,0,0,0,0,5,-25,24,New York,
Phil Hersh,,,,1,,,,,,,,,,,,,1,,1,1,1,,,,1,,,1,,,,1,1,,,1,10,http://trib.in/1zJsJrv,1/2/2015,,0,0,13,13,0,0,9,0,0,7,7,7,4,4,0,0,0,0,0,1,1,0,0,0,0,0,0,0,0,0,0,0,0,0,0,0,0,66,Chicago,
Bob Hertzel (complete?),,,,1,1,,,1,,,,,,,,,1,,,1,,,,,,,,,,,,,1,,,,6,http://bit.ly/1rgdNDH,12/19/2014,,13,13,13,13,0,0,0,0,0,0,7,7,0,0,0,0,0,0,0,0,0,0,0,0,4,0,0,0,0,0,0,0,0,0,0,4,-16,50,Pittsburgh,
Bob Herzog,,,,1,1,,,1,,,,,,,,,1,,1,1,,,,,1,,1,1,,,,,1,,,,10,http://bit.ly/1K4UfZ1,1/1/2015,,13,13,13,13,9,0,9,0,0,7,7,7,0,4,0,0,0,0,0,0,0,0,0,0,0,0,0,0,0,0,0,0,0,0,0,0,0,95,New York,
Jon Heyman,,,,1,,,,,,,,,,,,,1,,,1,1,1,,,,,,1,1,,,,1,,1,,9,MLB Network,12/29/2014,,0,0,13,13,0,0,9,7,7,0,7,7,0,0,0,0,3,0,0,1,0,0,0,0,1,0,0,0,0,0,0,0,0,0,0,1,-1,66,New York,
Bob Hohler,,,1,1,,,,,,,,,,,,,1,,,1,,,,,,,1,1,1,,,,1,,,,8,http://bit.ly/13BLqVa,12/23/2014,,0,0,13,13,9,9,9,0,7,0,7,7,0,0,0,0,0,0,0,0,0,0,0,0,2,0,0,0,0,0,0,0,0,0,0,2,-4,70,Boston,
Sean Horgan,,,,1,,,,,,,,,,,,,1,1,,1,,,,,1,,,,,,,,1,,,,6,http://bit.ly/1HbZtj3,12/29/2014,,0,0,13,13,0,0,0,0,0,7,7,7,0,0,0,0,0,0,2,0,0,0,0,0,4,0,0,0,0,0,0,0,0,0,0,4,-16,33,Boston,
Mike Imrem,,,1,,1,,,1,,,,,,,,,1,,,1,,,1,,,,1,,1,,,,1,1,,,10,http://bit.ly/1Ka22EM,1/3/2015,,13,13,13,13,9,9,0,0,7,0,7,0,0,0,4,0,0,2,0,0,0,0,0,0,0,0,0,0,0,0,0,0,0,0,0,0,0,90,Chicago,
Jim Ingraham,,,1,1,,,,,,,,,,,,,1,,,1,,1,,,1,,1,1,,,1,,1,,,,10,http://bit.ly/1AqHR1h,1/3/2015,,0,0,13,13,9,9,9,0,0,7,7,7,0,0,0,3,3,0,0,0,0,0,0,0,0,0,0,0,0,0,0,0,0,0,0,0,0,80,Cleveland,
Jeff Jacobs,,,1,1,,,,,,,,,,,,,1,,1,1,,,,,1,,1,1,1,,,,1,,,,10,http://cour.at/1JAVAGH,12/20/2014,,0,0,13,13,9,9,9,0,7,7,7,7,0,4,0,0,0,0,0,0,0,0,0,0,0,0,0,0,0,0,0,0,0,0,0,0,0,85,Boston,
Stephen Jacobson,,,,1,,,,,,,,,,,,,1,,1,1,,,,,,,1,1,,,,,1,,,,7,Via email,12/20/2014,,0,0,13,13,9,0,9,0,0,0,7,7,0,4,0,0,0,0,0,0,0,0,0,0,3,0,0,0,0,0,0,0,0,0,0,3,-9,53,New York,
Richard Justice,,,1,1,1,,,1,,,,,,,,,1,,,1,,,,,1,,,,1,,,,1,,1,,10,http://atmlb.com/13UqbxC,1/5/2015,,13,13,13,13,0,9,0,7,7,7,7,7,0,0,0,0,0,0,0,0,0,0,0,0,0,0,0,0,0,0,0,0,0,0,0,0,0,96,Honorary,
Tim Kawakami,,,1,1,1,,,1,,,,,,,,,1,,,1,,,,,,,1,1,1,,,,1,,,,10,http://bit.ly/1zkAHXO,12/25/2014,,13,13,13,13,9,9,9,0,7,0,7,7,0,0,0,0,0,0,0,0,0,0,0,0,0,0,0,0,0,0,0,0,0,0,0,0,0,100,Bay Area,
Kevin Kernan,,,,1,,,,,,,,,,,,,1,,1,1,,,,,1,,1,1,1,,1,,1,,,,10,http://bit.ly/14qEL18,1/5/2015,,0,0,13,13,9,0,9,0,7,7,7,7,0,4,0,3,0,0,0,0,0,0,0,0,0,0,0,0,0,0,0,0,0,0,0,0,0,79,New York,
Bob Klapisch,,,1,1,1,,,1,,,,,,,,,1,,,1,,,,,1,,1,1,,,,,1,,,,10,http://bit.ly/1v8dhU9,12/19/2014,,13,13,13,13,9,9,9,0,0,7,7,7,0,0,0,0,0,0,0,0,0,0,0,0,0,0,0,0,0,0,0,0,0,0,0,0,0,100,New York,
Fred Klein,,,,1,,,,,,,,,,,,,1,,1,1,,,,,1,,1,,1,,,1,1,,1,,10,http://bit.ly/1BrWizY,12/15/2014,,0,0,13,13,9,0,0,7,7,7,7,7,0,4,0,0,0,0,0,0,1,0,0,0,0,0,0,0,0,0,0,0,0,0,0,0,0,75,New York,
Michael Knisley,,,,1,,,,,,,,,,,,,1,1,1,1,,,,,,,1,,,,,1,1,,,,8,http://es.pn/1rU0d92,1/4/2015,,0,0,13,13,9,0,0,0,0,0,7,7,0,4,0,0,0,0,2,0,1,0,0,0,2,0,0,0,0,0,0,0,0,0,0,2,-4,52,ESPN,
Dejan Kovacevic,,,,1,,,,,,,,,,,,,1,,,1,,,,,1,,1,1,1,,1,,1,,,,9,http://bit.ly/1vBeFy6,1/2/2015,,0,0,13,13,9,0,9,0,7,7,7,7,0,0,0,3,0,0,0,0,0,0,0,0,1,0,0,0,0,0,0,0,0,0,0,1,-1,74,Pittsburgh,
Mark Kreidler,,,,1,,,,,,,,,,,,,1,,,1,,,,,,,,,,,,,1,,,,4,Via DM,12/28/2014,,0,0,13,13,0,0,0,0,0,0,7,7,0,0,0,0,0,0,0,0,0,0,0,0,6,0,0,0,0,0,0,0,0,0,0,6,-36,4,Bay Area,
Dave Krieger,,,1,,,,,,,,,,,,,,1,,,1,,,,,1,,1,1,1,,,,1,,1,1,10,http://bit.ly/1BzwGSx,12/13/2014,,0,0,13,13,9,9,9,7,7,7,7,0,4,0,0,0,0,0,0,0,0,0,0,0,0,0,0,0,0,0,0,0,0,0,0,0,0,85,Colorado,
Tim Kurkjian,,,1,1,1,,,1,,,,,,,,,1,,,1,,,,,,,1,1,1,,,,1,,,,10,http://es.pn/1rU0d92,1/4/2015,,13,13,13,13,9,9,9,0,7,0,7,7,0,0,0,0,0,0,0,0,0,0,0,0,0,0,0,0,0,0,0,0,0,0,0,0,0,100,Baltimore/ESPN,
Gabe Lacques,,,,1,1,,,1,,,,,,,,,1,,,1,,,,,,,1,1,,,1,,1,,1,,10,http://bit.ly/13Vo5y3,1/1/2015,,13,13,13,13,9,0,9,7,0,0,7,7,0,0,0,3,0,0,0,0,0,0,0,0,0,0,0,0,0,0,0,0,0,0,0,0,0,94,Baltimore,
Marc Lancaster,,,1,1,,,,,,,,,,,,,1,,1,1,,,,,,,1,,1,,,,1,,1,1,10,http://bit.ly/1xuYcCK,12/30/2014,,0,0,13,13,9,9,0,7,7,0,7,7,4,4,0,0,0,0,0,0,0,0,0,0,0,0,0,0,0,0,0,0,0,0,0,0,0,80,Washington DC,
David Lariviere,,,1,1,,,,,,,,,,,,,1,,,1,,1,,,1,,1,,,,1,1,1,,,,10,http://onforb.es/1x9f2DL,12/23/2014,,0,0,13,13,9,9,0,0,0,7,7,7,0,0,0,3,3,0,0,0,1,0,0,0,0,0,0,0,0,0,0,0,0,0,0,0,0,72,New York,
Mike Lefkow,,,1,1,1,,,1,,,,,,,,,1,1,,1,,,1,,,,,,,,,1,1,,,,10,http://on.fb.me/13EpcSF,12/24/2014,,13,13,13,13,0,9,0,0,0,0,7,7,0,0,4,0,0,0,2,0,1,0,0,0,0,0,0,0,0,0,0,0,0,0,0,0,0,82,Bay Area,
David Lennon,,,1,1,1,,,1,,,,,,,,,1,,,1,,,,,,,1,1,1,,,,1,,,,10,Ross Carey Podcast,12/30/2014,,13,13,13,13,9,9,9,0,7,0,7,7,0,0,0,0,0,0,0,0,0,0,0,0,0,0,0,0,0,0,0,0,0,0,0,0,0,100,New York,
Thom Loverro,,,1,1,,,,,,,,,,,,,1,,,1,,1,,,1,,1,,,,,,1,,1,,9,12/5 Podcast + Column Clarifies,12/19/2014,,0,0,13,13,9,9,0,7,0,7,7,7,0,0,0,0,3,0,0,0,0,0,0,0,1,0,0,0,0,0,0,0,0,0,0,1,-1,74,Washington DC,
Rob Maaddi,,,,1,1,,,1,,,,,,,,,1,,,1,,,1,,,,1,1,,,,,1,1,,,10,http://bit.ly/1xM1tuu,1/5/2014,,13,13,13,13,9,0,9,0,0,0,7,7,0,0,4,0,0,2,0,0,0,0,0,0,0,0,0,0,0,0,0,0,0,0,0,0,0,90,Philadelphia,
Jack Magruder,,,1,1,1,,,1,,,,,,,,,1,,,1,,,,,,,1,,,,1,,1,,,1,10,http://bit.ly/16YiEjH,12/28/2014,,13,13,13,13,9,9,0,0,0,0,7,7,4,0,0,3,0,0,0,0,0,0,0,0,0,0,0,0,0,0,0,0,0,0,0,0,0,91,Arizona,
Steven Marcus,,,,1,,,,,,,,,,,,,1,,,1,,,,,,,,,,,,,,,,,3,http://nwsdy.li/1xLKtEw,1/5/2015,,0,0,13,13,0,0,0,0,0,0,0,7,0,0,0,0,0,0,0,0,0,0,0,0,7,0,0,0,0,0,0,0,0,0,0,7,-49,-16,New York,
Michael Martinez,,,,1,,,,,,,,,,,,,1,,1,1,1,,,,,,,,,,,,,,,,5,http://bit.ly/1KcBZge,1/4/2015,,0,0,13,13,0,0,0,0,0,0,0,7,0,4,0,0,0,0,0,1,0,0,0,0,5,0,0,0,0,0,0,0,0,0,0,5,-25,13,Los Angeles,
Tony Massarotti,,,,,1,,,1,,,,,,,,,1,,1,1,,,,,,,,,,,,,,,,,5,"His radio show, 12/23, Hour 3",12/23/2014,,13,13,13,13,0,0,0,0,0,0,0,0,0,4,0,0,0,0,0,0,0,0,0,0,5,0,0,0,0,0,0,0,0,0,0,5,-25,31,Boston,
Jack McCaffery,,,,1,1,,,1,,,,,,,,,1,,,1,,,1,,,,1,,,,,,1,,1,,9,10 w/Rose http://bit.ly/1yQcfAV,12/3/2014,,13,13,13,13,9,0,0,7,0,0,7,7,0,0,4,0,0,0,0,0,0,0,0,0,1,0,0,0,0,0,0,0,0,0,0,1,-1,85,Philadelphia,
John McGrath,,,1,1,,,,,,,,,,,,,1,,1,1,,,,,1,,1,1,1,,,,1,,,,10,http://bit.ly/1CMQJNM,12/24/2014,,0,0,13,13,9,9,9,0,7,7,7,7,0,4,0,0,0,0,0,0,0,0,0,0,0,0,0,0,0,0,0,0,0,0,0,0,0,85,Seattle,
Ivy McLemore,,,1,1,1,,,1,,,,,,,,,1,1,,1,,,,,,,1,,,,,,1,,,,10,Via email,1/2/2015,,13,13,13,13,9,9,0,0,0,0,7,7,0,0,0,0,0,0,2,0,0,0,0,0,0,0,0,0,0,0,0,0,0,0,0,0,0,86,Houston,
Stan McNeal,,,1,1,,,,,,,,,,,,,1,,,1,,,,,,,1,1,1,,,,1,,,,8,http://foxs.pt/1xL9Ia7,1/5/2015,,0,0,13,13,9,9,9,0,7,0,7,7,0,0,0,0,0,0,0,0,0,0,0,0,2,0,0,0,0,0,0,0,0,0,0,2,-4,70,St. Louis,
Bernie Miklasz,,,1,,1,,,1,,,,,,,,,1,,,1,,,,,1,,1,1,1,,,,1,,,,10,via DM,12/30/2014,,13,13,13,13,9,9,9,0,7,7,7,0,0,0,0,0,0,0,0,0,0,0,0,0,0,0,0,0,0,0,0,0,0,0,0,0,0,100,St. Louis,
Bruce Miles,,,1,1,,,,,,,,,,,,,1,,,1,,,,,,,1,1,1,,,1,1,,1,,10,http://bit.ly/1Ka22EM,1/3/2015,,0,0,13,13,9,9,9,7,7,0,7,7,0,0,0,0,0,0,0,0,1,0,0,0,0,0,0,0,0,0,0,0,0,0,0,0,0,82,Chicago,
Randy Miller,,,1,1,,,,,,,,,,,,,1,,,1,,1,,,,,1,,1,,,,1,,,,8,http://bit.ly/1HtbGA9,1/4/2015,,0,0,13,13,9,9,0,0,7,0,7,7,0,0,0,0,3,0,0,0,0,0,0,0,2,0,0,0,0,0,0,0,0,0,0,2,-4,64,New York,
Scott Miller,,,,1,,,,,,,,,,,,,1,1,,1,,1,,,1,,,1,,,,,1,,1,,9,http://ble.ac/17djF7x,1/5/2015,,0,0,13,13,0,0,9,7,0,7,7,7,0,0,0,0,3,0,2,0,0,0,0,0,1,0,0,0,0,0,0,0,0,0,0,1,-1,67,San Diego,
Fred Mitchell,,,1,1,,,,,,,,,,,,,1,1,,1,,,,,,,1,1,,,1,1,1,,,,10,http://trib.in/1zJsJrv,1/2/2015,,0,0,13,13,9,9,9,0,0,0,7,7,0,0,0,3,0,0,2,0,1,0,0,0,0,0,0,0,0,0,0,0,0,0,0,0,0,73,Chicago,
Wayne Monroe,,,,1,,,,,,,,,,,,,1,,,1,,,,,1,,1,,,,,,,,,,5,FB Comment,12/31/2014,,0,0,13,13,9,0,0,0,0,7,0,7,0,0,0,0,0,0,0,0,0,0,0,0,5,0,0,0,0,0,0,0,0,0,0,5,-25,24,Honorary,
Roger Mooney,,,,1,,,,,,,,,,,,,1,,1,1,,1,,,,,1,1,1,,,,1,,1,,10,http://bit.ly/1wQgYgN,1/5/2015,,0,0,13,13,9,0,9,7,7,0,7,7,0,4,0,0,3,0,0,0,0,0,0,0,0,0,0,0,0,0,0,0,0,0,0,0,0,79,Tampa,
Terence Moore,,,,1,,,,,,,,,,,,,1,,,1,,1,,,,,,1,,,1,1,1,,,,8,http://atmlb.com/13UqbxC,1/5/2015,,0,0,13,13,0,0,9,0,0,0,7,7,0,0,0,3,3,0,0,0,1,0,0,0,2,0,0,0,0,0,0,0,0,0,0,2,-4,52,Atlanta,
Aurelio Moreno,,,,1,1,,,1,,,,,,,,,1,,,1,,,1,,,,1,,,,,,1,1,,,9,http://bit.ly/1CCAupe,12/24/2014,,13,13,13,13,9,0,0,0,0,0,7,7,0,0,4,0,0,2,0,0,0,0,0,0,1,0,0,0,0,0,0,0,0,0,0,1,-1,80,Miami,
Carrie Muskat,,,,1,,,,,,,,,,,,,1,,,1,,,,,,,,1,1,,,,1,,1,,7,http://atmlb.com/13UqbxC,1/5/2015,,0,0,13,13,0,0,9,7,7,0,7,7,0,0,0,0,0,0,0,0,0,0,0,0,3,0,0,0,0,0,0,0,0,0,0,3,-9,54,Chicago,
Gene Myers,,,1,1,,,,,,,,,,,,,1,,1,1,,,,,1,,,1,,,,1,1,,1,,10,http://on.freep.com/1tpHCTh,12/27/2014,,0,0,13,13,0,9,9,7,0,7,7,7,0,4,0,0,0,0,0,0,1,0,0,0,0,0,0,0,0,0,0,0,0,0,0,0,0,77,Detroit,
Mike Nadel,,,1,1,,,,,,,,,,,,,1,,,1,,,,,1,,1,1,1,,,,1,,1,,10,http://bit.ly/1zgbP3v,12/23/2014,,0,0,13,13,9,9,9,7,7,7,7,7,0,0,0,0,0,0,0,0,0,0,0,0,0,0,0,0,0,0,0,0,0,0,0,0,0,88,Honorary,
Ross Newhan,,,1,1,,,,,,,,,,,,,1,1,,1,,,,,1,,1,1,1,,,,1,,,,10,http://bit.ly/13D2Yjm,12/28/2014,,0,0,13,13,9,9,9,0,7,7,7,7,0,0,0,0,0,0,2,0,0,0,0,0,0,0,0,0,0,0,0,0,0,0,0,0,0,83,Los Angeles,
Mark Newman,,,,1,1,,,1,,,,,,,,,1,,,1,,,,,,,1,,,,,,1,,,,7,http://atmlb.com/13UqbxC,1/5/2015,,13,13,13,13,9,0,0,0,0,0,7,7,0,0,0,0,0,0,0,0,0,0,0,0,3,0,0,0,0,0,0,0,0,0,0,3,-9,66,Honorary,
Bob Nightengale,,,1,1,1,,,1,,,,,,,,,1,,,1,,1,,,,,1,,,,1,,1,,,,10,http://usat.ly/1AgV1z0,1/5/2015,,13,13,13,13,9,9,0,0,0,0,7,7,0,0,0,3,3,0,0,0,0,0,0,0,0,0,0,0,0,0,0,0,0,0,0,0,0,90,Arizona,
Marty Noble,,,,,,,,,,,,,,,,,1,,,1,,,,,,,,,,,,,1,,,,3,http://atmlb.com/1AS5UUn,12/20/2014,,0,0,13,13,0,0,0,0,0,0,7,0,0,0,0,0,0,0,0,0,0,0,0,0,7,0,0,0,0,0,0,0,0,0,0,7,-49,-16,New York,
Eric Nunez,,,1,1,1,,,1,,,,,,,,,1,,,1,,,,,1,,1,1,,,,,1,,,,10,http://bit.ly/1vEMFKQ,12/30/2014,,13,13,13,13,9,9,9,0,0,7,7,7,0,0,0,0,0,0,0,0,0,0,0,0,0,0,0,0,0,0,0,0,0,0,0,0,0,100,New York,
Ian O'Connor,,,1,1,1,,,1,,,,,,,,,1,,,1,,,,,,,1,1,1,,,,1,,,,10,http://es.pn/1rU0d92,1/4/2015,,13,13,13,13,9,9,9,0,7,0,7,7,0,0,0,0,0,0,0,0,0,0,0,0,0,0,0,0,0,0,0,0,0,0,0,0,0,100,New York/ESPN,
Drew Olson (8 of 10 known),,,,1,1,,,1,,,,,,,,,1,,,1,,,,,,,,1,,,,,1,,1,,10,WISN Video,1/3/2015,,13,13,13,13,0,0,9,7,0,0,7,7,0,0,0,0,0,0,0,0,0,0,0,0,0,0,0,0,0,0,0,0,0,0,0,0,0,82,Minneapolis,
Pres. Jose de Jesus Ortiz,,,1,1,1,,,1,,,,,,,,,1,1,,1,,,,,,,1,1,,,,,1,,,,10,http://bit.ly/1zeBIWp + http://bit.ly/1B9xQmW,12/19/2014,,13,13,13,13,9,9,9,0,0,0,7,7,0,0,0,0,0,0,2,0,0,0,0,0,0,0,0,0,0,0,0,0,0,0,0,0,0,95,Houston,
Rob Parker,,,,1,1,,,1,,,,,,,,,1,,,1,,,1,,,,,,,,1,1,1,1,,,10,http://bit.ly/1zOXwmR,1/5/2015,,13,13,13,13,0,0,0,0,0,0,7,7,0,0,4,3,0,2,0,0,1,0,0,0,0,0,0,0,0,0,0,0,0,0,0,0,0,76,Detroit,
Peter Pascarelli,,,1,1,1,,,1,,,,,,,,,1,,,1,,,,,,,1,1,,,,,1,,,,9,http://es.pn/1rU0d92,1/4/2015,,13,13,13,13,9,9,9,0,0,0,7,7,0,0,0,0,0,0,0,0,0,0,0,0,1,0,0,0,0,0,0,0,0,0,0,1,-1,92,ESPN,
Jeff Passan,,,1,1,1,,,1,,,,,,,,,1,,,1,,,,,,,1,1,1,,,,1,,,,10,http://bit.ly/1wnkuTc,12/12/2014,,13,13,13,13,9,9,9,0,7,0,7,7,0,0,0,0,0,0,0,0,0,0,0,0,0,0,0,0,0,0,0,0,0,0,0,0,0,100,Kansas City,
John Perrotto,,,1,1,1,,,1,,,,,,,,,1,,,1,,,,,1,,1,,,,1,,,,,1,10,http://bit.ly/1AdWF4p,1/4/2015,,13,13,13,13,9,9,0,0,0,7,0,7,4,0,0,3,0,0,0,0,0,0,0,0,0,0,0,0,0,0,0,0,0,0,0,0,0,91,Pittsburgh,
Nick Pietruszkiewicz,,,,1,,,,,,,,,,,,,1,,1,1,,,,,,,1,1,,,,,1,,,,7,http://es.pn/1rU0d92,1/4/2015,,0,0,13,13,9,0,9,0,0,0,7,7,0,4,0,0,0,0,0,0,0,0,0,0,3,0,0,0,0,0,0,0,0,0,0,3,-9,53,ESPN,
Rick Plumlee,,,1,1,,,,,,,,,,,,,1,,,1,,,,,,,,1,1,,,1,1,,1,,9,http://bit.ly/1wGr9t7,12/17/2014,,0,0,13,13,0,9,9,7,7,0,7,7,0,0,0,0,0,0,0,0,1,0,0,0,1,0,0,0,0,0,0,0,0,0,0,1,-1,72,Kansas City,
Steve Popper,,,1,1,1,,,1,,,,,,,,,1,,,1,,,,,1,,1,,1,,,,1,,,,10,http://bit.ly/1xIcYW5,12/23/2014,,13,13,13,13,9,9,0,0,7,7,7,7,0,0,0,0,0,0,0,0,0,0,0,0,0,0,0,0,0,0,0,0,0,0,0,0,0,98,New York,
Joe Posnanski,,,1,,1,,,1,,,,,,,,,1,,,1,,,,,,,1,1,1,,,,1,,,,10,http://bit.ly/1xLT90S,1/5/2015,,13,13,13,13,9,9,9,0,7,0,7,0,0,0,0,0,0,0,0,0,0,0,0,0,0,0,0,0,0,0,0,0,0,0,0,0,0,93,Kansas City,
Scott Priestle,,,1,1,,,,,,,,,,,,,1,,1,1,,,,,1,,1,1,1,,,,1,,,,10,http://bit.ly/1sPQnpB,12/19/2014,,0,0,13,13,9,9,9,0,7,7,7,7,0,4,0,0,0,0,0,0,0,0,0,0,0,0,0,0,0,0,0,0,0,0,0,0,0,85,Honorary,
Mike Puma,,,,,1,,,1,,,,,,,,,1,,,1,,,,,,,1,,,,,,1,,,,6,http://bit.ly/1FcxjXz,1/5/2015,,13,13,13,13,9,0,0,0,0,0,7,0,0,0,0,0,0,0,0,0,0,0,0,0,4,0,0,0,0,0,0,0,0,0,0,4,-16,52,New York,
Tracy Ringolsby,,,1,1,1,,,1,,,,,,,,,1,,,1,,,,,,,1,1,,,,,1,,1,,10,http://bit.ly/1wbu3m2,1/5/2015,,13,13,13,13,9,9,9,7,0,0,7,7,0,0,0,0,0,0,0,0,0,0,0,0,0,0,0,0,0,0,0,0,0,0,0,0,0,100,Colorado,
Brendan Roberts,,,1,1,1,,,1,,,,,,,,,1,,,1,,,1,,,,1,1,1,,,,,,,,10,http://es.pn/1rU0d92,1/4/2015,,13,13,13,13,9,9,9,0,7,0,0,7,0,0,4,0,0,0,0,0,0,0,0,0,0,0,0,0,0,0,0,0,0,0,0,0,0,97,ESPN,
Phil Rogers,,,1,1,,,,,,,,,,,,,1,,,1,,,,,1,,1,1,1,,,,1,,1,,10,http://bit.ly/1t1QChe,12/22/2014,,0,0,13,13,9,9,9,7,7,7,7,7,0,0,0,0,0,0,0,0,0,0,0,0,0,0,0,0,0,0,0,0,0,0,0,0,0,88,Chicago,
C. Trent Rosecrans,,,1,,1,,,1,,,,,,,,,1,,,1,,,,,1,,1,1,1,,,,,,,1,10,http://cin.ci/1B5JDTf,12/24/2014,,13,13,13,13,9,9,9,0,7,7,0,0,4,0,0,0,0,0,0,0,0,0,0,0,0,0,0,0,0,0,0,0,0,0,0,0,0,97,Cincinnati,
Ken Rosenthal,,,1,1,,,,,,,,,,,,,1,,1,1,,,,,1,,1,1,1,,,,1,,,,10,http://foxs.pt/1x9YU8k,12/21/2014,,0,0,13,13,9,9,9,0,7,7,7,7,0,4,0,0,0,0,0,0,0,0,0,0,0,0,0,0,0,0,0,0,0,0,0,0,0,85,Baltimore,
Barry Rozner,,,,1,1,,,,,,,,,,,,1,,,1,,,,,1,,1,1,1,,,1,1,,,,10,http://bit.ly/1AHxh3S,12/20/2014,,13,0,13,13,9,0,9,0,7,7,7,7,0,0,0,0,0,0,0,0,1,0,0,0,0,0,0,0,0,0,0,0,0,0,0,0,0,86,Chicago,
Adam Rubin,,,1,1,1,,,1,,,,,,,,,1,,,1,,,,,,,1,1,1,,,,1,,,,10,http://es.pn/15mV27r,11/25/2014,,13,13,13,13,9,9,9,0,7,0,7,7,0,0,0,0,0,0,0,0,0,0,0,0,0,0,0,0,0,0,0,0,0,0,0,0,0,100,New York,
Bob Ryan,,,1,1,,,,,,,,,,,,,1,,1,1,,,,,,,1,1,1,,,,1,,1,,10,http://bit.ly/13BLqVa,12/23/2014,,0,0,13,13,9,9,9,7,7,0,7,7,0,4,0,0,0,0,0,0,0,0,0,0,0,0,0,0,0,0,0,0,0,0,0,0,0,85,Boston,
Bob Sansevere,,,,1,1,,,1,,,,,,,,,1,,,1,,,,,1,,1,,1,,,,1,1,,,10,http://bit.ly/1Hd2mjH,12/29/2014,,13,13,13,13,9,0,0,0,7,7,7,7,0,0,0,0,0,2,0,0,0,0,0,0,0,0,0,0,0,0,0,0,0,0,0,0,0,91,Minneapolis,
Mark Saxon,,,1,1,1,,,1,,,,,,,,,1,1,,1,,,,,,,1,1,,,,,1,,,,10,http://bit.ly/1tgaF65,12/27/2014,,13,13,13,13,9,9,9,0,0,0,7,7,0,0,0,0,0,0,2,0,0,0,0,0,0,0,0,0,0,0,0,0,0,0,0,0,0,95,Atlanta,
Jeff Schultz,,,,1,,,,,,,,,,,,,1,,,1,,1,,,,,,1,1,,,,1,,1,,,http://on-ajc.com/1xwPv9r,1/5/2015,,0,0,13,13,0,0,9,7,7,0,7,7,0,0,0,0,3,0,0,0,0,0,0,0,10,0,0,0,0,0,0,0,0,0,0,10,-100,-34,,
Mike Shalin,,,,,1,,,1,,,,,,,,,1,,1,1,1,,,,,,1,1,1,,,,1,,,,10,Facebook,12/24/2014,,13,13,13,13,9,0,9,0,7,0,7,0,0,4,0,0,0,0,0,1,0,0,0,0,0,0,0,0,0,0,0,0,0,0,0,0,0,89,New York,
Dan Shaughnessy,,,,,,,,,,,,,,,,,1,,,1,,,,,,,,1,1,,,,1,,1,,6,http://bit.ly/1uWrFyM,12/16/2014,,0,0,13,13,0,0,9,7,7,0,7,0,0,0,0,0,0,0,0,0,0,0,0,0,4,0,0,0,0,0,0,0,0,0,0,4,-16,40,Boston,
Bob Sherwin,,,1,1,,,,,,,,,,,,,1,,1,1,,,,,,,1,,,,,,1,,,,7,http://bit.ly/1DbFy4v,1/5/2015,,0,0,13,13,9,9,0,0,0,0,7,7,0,4,0,0,0,0,0,0,0,0,0,0,3,0,0,0,0,0,0,0,0,0,0,3,-9,53,Seattle,
Tom Singer,,,1,1,1,,,1,,,,,,,,,1,1,1,1,,,,,,,1,,,,,1,,,,,10,http://atmlb.com/1AS5UUn,1/5/2015,,13,13,13,13,9,9,0,0,0,0,0,7,0,4,0,0,0,0,2,0,1,0,0,0,0,0,0,0,0,0,0,0,0,0,0,0,0,84,Honorary,
Claire Smith,,,,1,1,,,1,,,,,,,,,1,,1,1,,,,,,,,,,,,1,1,,,,8,http://bit.ly/1BxDBey,1/4/2015,,13,13,13,13,0,0,0,0,0,0,7,7,0,4,0,0,0,0,0,0,1,0,0,0,2,0,0,0,0,0,0,0,0,0,0,2,-4,67,Philadelphia,
Michael Silverman,,,1,1,1,,,1,,,,,,,,,1,,,1,,,,,1,,1,1,1,,,,,,,,10,http://bit.ly/1B8HHJS,12/25/2014,,13,13,13,13,9,9,9,0,7,7,0,7,0,0,0,0,0,0,0,0,0,0,0,0,0,0,0,0,0,0,0,0,0,0,0,0,0,100,Boston,
Steve Simmons,,,1,1,,,,,,,,,,,,,1,1,,1,,,,,1,,1,1,1,,,,1,,,,10,http://bit.ly/1zTf3OA,12/21/2014,,0,0,13,13,9,9,9,0,7,7,7,7,0,0,0,0,0,0,2,0,0,0,0,0,0,0,0,0,0,0,0,0,0,0,0,0,0,83,Toronto,
Art Spander,,,1,,1,,,1,,,,,,,,,1,,,1,,,,,,,,,,,,,,,,,5,Via email - to the best of his recollection. May have voted Schilling and/or McGwire,12/20/2014,,13,13,13,13,0,9,0,0,0,0,0,0,0,0,0,0,0,0,0,0,0,0,0,0,5,0,0,0,0,0,0,0,0,0,0,5,-25,36,Bay Area,
Lyle Spencer,,,,1,,,,,,,,,,,,,1,,,1,,1,,,1,,1,1,1,,,,1,,1,,10,http://atmlb.com/1AS5UUn,1/5/2015,,0,0,13,13,9,0,9,7,7,7,7,7,0,0,0,0,3,0,0,0,0,0,0,0,0,0,0,0,0,0,0,0,0,0,0,0,0,82,Honorary,
Barry Stanton,,,,,,,,,,,,,,,,,1,,,1,,,,,,,,,1,,,,1,,,,4,http://es.pn/1rU0d92,1/4/2015,,0,0,13,13,0,0,0,0,7,0,7,0,0,0,0,0,0,0,0,0,0,0,0,0,6,0,0,0,0,0,0,0,0,0,0,6,-36,4,New York,
Jayson Stark,,,1,1,1,,,1,,,,,,,,,1,,,1,,,,,,,1,1,1,,,,1,,,,10,http://es.pn/1rU0d92,1/4/2015,,13,13,13,13,9,9,9,0,7,0,7,7,0,0,0,0,0,0,0,0,0,0,0,0,0,0,0,0,0,0,0,0,0,0,0,0,0,100,ESPN,
Carl Steward,,,1,1,1,,,1,,,,,,,,,1,,,1,,,,,,,1,1,,,,,1,,1,,10,http://bit.ly/1FRCyae,12/4/2014,,13,13,13,13,9,9,9,7,0,0,7,7,0,0,0,0,0,0,0,0,0,0,0,0,0,0,0,0,0,0,0,0,0,0,0,0,0,100,Bay Area,
Larry Stone,,,1,1,1,,,1,,,,,,,,,1,,1,1,,,,,,,1,1,,,,,1,,,,10,http://bit.ly/1wLjImr,12/12/2014,,13,13,13,13,9,9,9,0,0,0,7,7,0,4,0,0,0,0,0,0,0,0,0,0,0,0,0,0,0,0,0,0,0,0,0,0,0,97,Seattle,
Jim Street,,,,1,,,,,,,,,1,,,,1,,1,1,,,,,,,1,1,,,,1,1,,,,9,http://bit.ly/17e35o0,1/5/2015,,0,0,13,13,9,0,9,0,0,0,7,7,0,4,0,0,0,0,0,0,1,0,0,1,1,0,0,0,0,0,0,0,0,0,0,1,-1,63,Honorary,
Paul Sullivan,,,,1,,,,,,,,,,,,,1,,,1,,,,,,,,1,,,,1,1,,,,6,http://trib.in/1zJsJrv,1/2/2015,,0,0,13,13,0,0,9,0,0,0,7,7,0,0,0,0,0,0,0,0,1,0,0,0,4,0,0,0,0,0,0,0,0,0,0,4,-16,34,Chicago,
TR Sullivan,,,1,1,1,,,1,,,,,,,,,1,,,1,,,,,1,,1,1,1,,,,,,,,10,Comment #28,12/25/2014,,13,13,13,13,9,9,9,0,7,7,0,7,0,0,0,0,0,0,0,0,0,0,0,0,0,0,0,0,0,0,0,0,0,0,0,0,0,100,Dallas,
John Tomase,,,,,1,,,1,,,,,,,,,1,,,1,,,1,,,,1,,1,,1,,1,,1,,10,http://bit.ly/1CXJRAe,1/1/2015,,13,13,13,13,9,0,0,7,7,0,7,0,0,0,4,3,0,0,0,0,0,0,0,0,0,0,0,0,0,0,0,0,0,0,0,0,0,89,Boston,
Marc Topkin,,,1,1,1,,,1,,,,,,,,,1,,,1,,1,,,,,1,,,,1,,1,,,,10,http://bit.ly/1sNBEWo,12/21/2014,,13,13,13,13,9,9,0,0,0,0,7,7,0,0,0,3,3,0,0,0,0,0,0,0,0,0,0,0,0,0,0,0,0,0,0,0,0,90,Tampa,
Mike Vaccaro,,,1,1,1,,,1,,,,,,,,,1,,,1,,,,,,,1,1,1,,,,1,,,,10,http://bit.ly/1v07SO5 / http://bit.ly/1r8GySh,12/19/2014,,13,13,13,13,9,9,9,0,7,0,7,7,0,0,0,0,0,0,0,0,0,0,0,0,0,0,0,0,0,0,0,0,0,0,0,0,0,100,New York,
Juan Vene,,,,,,,,,1,,,,,,,,1,,,1,,1,,,,,,,,,,1,1,,,,6,http://bit.ly/1xoKIoZ,12/27/2014,,0,0,13,13,0,0,0,0,0,0,7,0,0,0,0,0,3,0,0,0,1,0,1,0,4,0,0,0,0,0,0,0,0,0,0,4,-16,22,New York,
Tom Verducci,,,1,1,,,,,,,,,,,,,1,1,,1,,1,,,1,,,1,1,,,,1,,,,10,MLB Network,1/2/2015,,0,0,13,13,0,9,9,0,7,7,7,7,0,0,0,0,3,0,2,0,0,0,0,0,0,0,0,0,0,0,0,0,0,0,0,0,0,77,New York,
Russ White,,,1,1,,,,,,,,,,,,,1,,,1,,,,,,,1,1,1,,,1,1,,,,9,Email to Ilychs,1/4/2015,,0,0,13,13,9,9,9,0,7,0,7,7,0,0,0,0,0,0,0,0,1,0,0,0,1,0,0,0,0,0,0,0,0,0,0,1,-1,74,Honorary,
Bernie Wilson,,,1,1,,,,,,,,,,,,,1,,,1,,,,,,,1,,,,,1,1,,1,,8,Via email,12/27/2014,,0,0,13,13,9,9,0,7,0,0,7,7,0,0,0,0,0,0,0,0,1,0,0,0,2,0,0,0,0,0,0,0,0,0,0,2,-4,62,San Diego,
Anon1,,,1,1,1,,,1,,,,,,,,,1,,1,1,,,,,,,1,,1,,,,1,,,,10,,12/25/2014,,13,13,13,13,9,9,0,0,7,0,7,7,0,4,0,0,0,0,0,0,0,0,0,0,0,0,0,0,0,0,0,0,0,0,0,0,0,95,,
Anon2,,,1,1,,,,,,,,,,,,,1,,,1,,1,,,1,,1,1,1,,,,,,,1,10,,12/24/2014,,0,0,13,13,9,9,9,0,7,7,0,7,4,0,0,0,3,0,0,0,0,0,0,0,0,0,0,0,0,0,0,0,0,0,0,0,0,81,,
Anon3,,,1,1,,,,,,,,,,,,,1,,,1,,,,,1,,1,1,1,,,,1,,,,9,,1/2/2015,,0,0,13,13,9,9,9,0,7,7,7,7,0,0,0,0,0,0,0,0,0,0,0,0,1,0,0,0,0,0,0,0,0,0,0,1,-1,80,,
Anon4,,,,,,,,,,,,,,,,,1,,1,1,,,,,,,,1,,,,1,1,,,,6,,1/3/2015,,0,0,13,13,0,0,9,0,0,0,7,0,0,4,0,0,0,0,0,0,1,0,0,0,4,0,0,0,0,0,0,0,0,0,0,4,-16,31,,
Anon5,,,,,,,,,,,,,,,,,,,,,,,,,,,,1,,,,,,,1,,2,,1/5/2015,,0,0,0,0,0,0,9,7,0,0,0,0,0,0,0,0,0,0,0,0,0,0,0,0,8,0,0,0,0,0,0,0,0,0,0,8,-64,-48,,
